Audit_ID,Incident_ID,Event_Hash,HMAC_Signature,Previous_Hash,Timestamp,Verification_Status
AUD-7442c18c860e,TEST001,79c57b7089afa3c6e3f47d841f6cecf37e74b73732078b49181ab04d96942538,5fab84b7ba21013ba68066f8893753d248241ef908447d5e8c650e6831ad25d5,GENESIS,2026-09-12T19:21:53.953144,VERIFIED
AUD-64f145d02c2e,POT_3,601e36854ad6511253f3bdea56a1125359bf1d811d8cd8e15e837de4570e62f9,523dc0d89cfc9272f46640081b9ce8181ab8b79c5bc11f7f51ed58e61eac44f0,79c57b7089afa3c6e3f47d841f6cecf37e74b73732078b49181ab04d96942538,2026-09-12T19:21:53.953297,VERIFIED
AUD-3b60ca8dc87c,POT_13,636677e4d6285cd2c524261f3095ea8e8f0e588714ae4cb819613b60a2fa199a,40ac283d4a81a5b5af4b32212d8dddc7c8bfdc86384eb20025e9155948257ace,601e36854ad6511253f3bdea56a1125359bf1d811d8cd8e15e837de4570e62f9,2026-09-12T19:21:53.953417,VERIFIED
AUD-1e6dbb222111,POT_14,39639a6064be6b3df8e4bc91695c0af245bd2f5fee87cb67d36b04fb3c1bad37,ff1aa5669f99c4bc1c6caa910afde2cb783b773997d1aeb6bdcb2577bad3e567,636677e4d6285cd2c524261f3095ea8e8f0e588714ae4cb819613b60a2fa199a,2026-09-12T19:21:53.953521,VERIFIED
AUD-16d5f1f5d7cb,POT_17,603bca800ee3b23ec9efaff9dc655b431956adbcdb3090be7647acd1eea3fa78,beaf38ee7eb77de1c026f987eff77b98ddf268a867da7099589fe5b4723d3288,39639a6064be6b3df8e4bc91695c0af245bd2f5fee87cb67d36b04fb3c1bad37,2026-09-12T19:21:53.953627,VERIFIED
AUD-16edd115bc20,POT_18,b99dfbe6625547bfe8ded6f2374d313eb84e309053ec965d19a4791998beacd2,0af4fdb39eab97fb43dbab1e8dddceae0600afe5713661651e30904c5a016f37,603bca800ee3b23ec9efaff9dc655b431956adbcdb3090be7647acd1eea3fa78,2026-09-12T19:21:53.953728,VERIFIED
AUD-613de64620af,POT_19,e861ab9a27704053440cd562bf7b303230982d1a51143e225e9f4c16d3e192b0,40507964a0ff2aed679487eef28dbbf9057ac15753d17a6e6759b9f843a9b452,b99dfbe6625547bfe8ded6f2374d313eb84e309053ec965d19a4791998beacd2,2026-09-12T19:21:53.953833,VERIFIED
AUD-7b27cd63728c,POT_22,b2b1ea4ed2fd210a7f659539e9f9d83a3038e3c0ccc4b521387e92ced350798f,697c460c128e208af4d8e9a2dde06469b04d6c2c6d3d0e60ac9b41ce28b6c223,e861ab9a27704053440cd562bf7b303230982d1a51143e225e9f4c16d3e192b0,2026-09-12T19:21:53.953936,VERIFIED
AUD-54a195464834,POT_23,705de0e0dbd2a51db0560a4652a1e91fca01b7b1e510c65d521cfbbf7fde22a0,64ed37a3d48046f2f7f7543387a1b945ff488ddfde8aa69ce80197fff8104549,b2b1ea4ed2fd210a7f659539e9f9d83a3038e3c0ccc4b521387e92ced350798f,2026-09-12T19:21:53.954043,VERIFIED
AUD-3541a4837e9b,POT_25,595b4485f397ec06ceec6ccd3624ac69b9ae741dd688394810b1d004267e18b8,f7dfee611b65b3e282dca85090e52b225a8b58a2f606b018d1d2b062a08f3723,705de0e0dbd2a51db0560a4652a1e91fca01b7b1e510c65d521cfbbf7fde22a0,2026-09-12T19:21:53.954155,VERIFIED
AUD-feb804e8e74d,POT_26,03aacdd8ac682ab6721992dc60ec40bfa54ddbadce02ba2df1314947e2adec3e,ce7b5466c3006ac0c73f18e417e1399bedf685ef7f85dc809614e13f1a6ec1ed,595b4485f397ec06ceec6ccd3624ac69b9ae741dd688394810b1d004267e18b8,2026-09-12T19:21:53.954279,VERIFIED
AUD-29911d7227d0,POT_27,0fa142106b5eda24830992dd49d6c1bc2715c76327f4047e25681081899c9af1,ededae0c42973202be68178c3ec4c29ac72c4ced0b860c900f6507bf34d62081,03aacdd8ac682ab6721992dc60ec40bfa54ddbadce02ba2df1314947e2adec3e,2026-09-12T19:21:53.954389,VERIFIED
AUD-eeb62c38c7d1,POT_30,c2a7bee8aa62c1f96bd915aabeb684f041e763dd7be8111dc14e3e04d4de489d,7252a381b2143d110590527c72a9d441928404c56fb5e39679ceac984f699b72,0fa142106b5eda24830992dd49d6c1bc2715c76327f4047e25681081899c9af1,2026-09-12T19:21:53.954500,VERIFIED
AUD-7c4e5fd7cb26,POT_39,276bf9a42a0faecdb19b97ab9be765abe088f3f59a0a2df22c5b3e7aa729b429,87d864ba6a570462db75638668ef5c4b9ab927c6e5104f07f3a9a8d92c5bd1e1,c2a7bee8aa62c1f96bd915aabeb684f041e763dd7be8111dc14e3e04d4de489d,2026-09-12T19:21:53.954626,VERIFIED
AUD-bae877e18f89,POT_46,09f5cf65ec26cacdd66a0401fbc2b125ecf970994cff6c8d997899752cde562d,a3a3b31f27041bc3fa03a614118b8bd3a85bffb11c6e1967eaa23439cac0baa6,276bf9a42a0faecdb19b97ab9be765abe088f3f59a0a2df22c5b3e7aa729b429,2026-09-12T19:21:53.954747,VERIFIED
AUD-1343068f4e4e,POT_50,ed72b7ef814ecdfbf401a87bd9d09e6a80582ceab577d45b7c86490c07cf197d,5a6e3d69921c954150680b2a0c37f1d5af94276ae0c6a3cb447808be9945c297,09f5cf65ec26cacdd66a0401fbc2b125ecf970994cff6c8d997899752cde562d,2026-09-12T19:21:53.955044,VERIFIED
AUD-52ddbdcf5dd0,POT_61,62b55b0003779fd2e61ac44298349947430a0127aa7a99737e31f50a81d17869,777316879bbccf70e8923de27683281de80a03aaa7355c873de106557abd6020,ed72b7ef814ecdfbf401a87bd9d09e6a80582ceab577d45b7c86490c07cf197d,2026-09-12T19:21:53.955203,VERIFIED
AUD-e20fb3835966,POT_63,349be91035bf9f1e8b3ec133f99d382f700eff09e42256633179d1da0d34f0db,520e0fbb69a37b090f8fee3d14e7734e5ed16916e3c97b3f704ef2dbfebab8a7,62b55b0003779fd2e61ac44298349947430a0127aa7a99737e31f50a81d17869,2026-09-12T19:21:53.955333,VERIFIED
AUD-31804b2525cb,POT_64,2c9c103b03b29618c32e9d179d57529c75a108c9ef376a39018d7d0f1b462794,504f8fd530ebac9b865f966c23da3868951280ee57b4ee178f1a02ae3aed3146,349be91035bf9f1e8b3ec133f99d382f700eff09e42256633179d1da0d34f0db,2026-09-12T19:21:53.955471,VERIFIED
AUD-b65145f8334e,WRONG_4,78a124fc672b8dbc2e512bde7c6edc112c8f4eb2a8b14c2eb58d0e50bf6467ce,016012f2bd54b633a490cc6cba65270cadf8224a206be5bb26c48ff28d047189,2c9c103b03b29618c32e9d179d57529c75a108c9ef376a39018d7d0f1b462794,2026-09-12T19:21:53.955618,VERIFIED
AUD-e0f215aa7752,WRONG_7,68b6b4ffb00b14ff0e595fe7bfec39c76152569b6794de0fe8342df6f7d18310,0447cb1b1a93555a9242da77d6f318eb1a79b3d538d5f3dccbd5b124bf8817c8,78a124fc672b8dbc2e512bde7c6edc112c8f4eb2a8b14c2eb58d0e50bf6467ce,2026-09-12T19:21:53.955861,VERIFIED
AUD-4fb1004e7bd1,RASH_4_4,246b67b8b748781a62376bdad7bc898874702a396a65a9df0d30502ea6a51962,5eb4141e5ab55d3535a85ed7ae75fe45c81a33b96c6b33cfa17bd83128c67c66,68b6b4ffb00b14ff0e595fe7bfec39c76152569b6794de0fe8342df6f7d18310,2026-09-12T19:21:53.956105,VERIFIED
AUD-5426d6a54574,RASH_5_14,0128ec983fa130beb004d0fb2d7c9c98e26fcdec7f1d83559cfd5d7f2b814592,22868990000c33f72f2e31b77bec33d8498241080adccbfd5adc944b6bbe3c49,246b67b8b748781a62376bdad7bc898874702a396a65a9df0d30502ea6a51962,2026-09-12T19:21:53.956260,VERIFIED
AUD-db0256b611ed,RASH_7_126,d24d058a43becf63c0b406136dc4e211e00a359de619879e2c37020d5efff3ed,ff2a65b440d2c6f4f33d269a8fb26502e664e0e11728d29dbd35a84457888f82,0128ec983fa130beb004d0fb2d7c9c98e26fcdec7f1d83559cfd5d7f2b814592,2026-09-12T19:21:53.956415,VERIFIED
AUD-6287196702cc,RASH_2_127,a8e0217b72b2479bcdf3d1e80ee7858b4e04fde53e424364421302a93691acec,f528cd2ee965e94cbf2b9e911e70972b1daa4cd77caed6d293527f3f6a9298d6,d24d058a43becf63c0b406136dc4e211e00a359de619879e2c37020d5efff3ed,2026-09-12T19:21:53.956577,VERIFIED
AUD-79c9917794f0,RASH_1_132,62a6df6ed0219abaef3bc3e30d7c3175a4a4c5ab09728af714de21e8230e163f,9e1695b8a04e06097c362502db047e027316e94aaf1da181893446f18ccce910,a8e0217b72b2479bcdf3d1e80ee7858b4e04fde53e424364421302a93691acec,2026-09-12T19:21:53.956737,VERIFIED
AUD-3c3ebd038a42,RASH_6_188,1332b9771bc010801525c68691bc2df848de76e115811b44275f4030d57b7fb8,ef46866a095a4fd02bfb29c90553548963a6ded15ce003a61ce3f096c8d0c4a1,62a6df6ed0219abaef3bc3e30d7c3175a4a4c5ab09728af714de21e8230e163f,2026-09-12T19:21:53.956903,VERIFIED
AUD-0b9f1074cddf,RASH_9_201,770f19d8d603914ee485d301e10b878aca7c4b050aaae3252b5c1fe9d0a76e2b,9704fcfbc16abd98a73d9bc5800148cc302abbb1d6c22682f12d45707189a866,1332b9771bc010801525c68691bc2df848de76e115811b44275f4030d57b7fb8,2026-09-12T19:21:53.957067,VERIFIED
AUD-a6b5b52e018e,RASH_10_203,a6778ee7a79266304cb62b90ae1d8e06f61dedceb9a6139fc9bd8adc0896f596,f6db01eb8b30babf787963ce4212a6cd3d13946027adb1fd150b1b9062cc532d,770f19d8d603914ee485d301e10b878aca7c4b050aaae3252b5c1fe9d0a76e2b,2026-09-12T19:21:53.957267,VERIFIED
AUD-beca1303ed9f,RASH_11_217,219a875d4caa2bb8f994715494ebf6bb4237854a1267314e0cb58735bc765b5a,b835cee9f179988d7379150e45777cdaf02bc84af79f29fd79d0a2204368c871,a6778ee7a79266304cb62b90ae1d8e06f61dedceb9a6139fc9bd8adc0896f596,2026-09-12T19:21:53.957466,VERIFIED
AUD-77efa68e1f84,RASH_4_4,246b67b8b748781a62376bdad7bc898874702a396a65a9df0d30502ea6a51962,5eb4141e5ab55d3535a85ed7ae75fe45c81a33b96c6b33cfa17bd83128c67c66,219a875d4caa2bb8f994715494ebf6bb4237854a1267314e0cb58735bc765b5a,2026-09-12T19:21:53.957713,VERIFIED
AUD-8d36b808aa27,RASH_5_14,0128ec983fa130beb004d0fb2d7c9c98e26fcdec7f1d83559cfd5d7f2b814592,22868990000c33f72f2e31b77bec33d8498241080adccbfd5adc944b6bbe3c49,246b67b8b748781a62376bdad7bc898874702a396a65a9df0d30502ea6a51962,2026-09-12T19:21:53.957984,VERIFIED
AUD-fd546e478a94,RASH_7_126,d24d058a43becf63c0b406136dc4e211e00a359de619879e2c37020d5efff3ed,ff2a65b440d2c6f4f33d269a8fb26502e664e0e11728d29dbd35a84457888f82,0128ec983fa130beb004d0fb2d7c9c98e26fcdec7f1d83559cfd5d7f2b814592,2026-09-12T19:21:53.958207,VERIFIED
AUD-bf8aee75fd57,RASH_2_127,a8e0217b72b2479bcdf3d1e80ee7858b4e04fde53e424364421302a93691acec,f528cd2ee965e94cbf2b9e911e70972b1daa4cd77caed6d293527f3f6a9298d6,d24d058a43becf63c0b406136dc4e211e00a359de619879e2c37020d5efff3ed,2026-09-12T19:21:53.958413,VERIFIED
AUD-cc0ebaf1a8c7,RASH_1_132,62a6df6ed0219abaef3bc3e30d7c3175a4a4c5ab09728af714de21e8230e163f,9e1695b8a04e06097c362502db047e027316e94aaf1da181893446f18ccce910,a8e0217b72b2479bcdf3d1e80ee7858b4e04fde53e424364421302a93691acec,2026-09-12T19:21:53.958632,VERIFIED
AUD-8b99cbe6b100,RASH_6_188,1332b9771bc010801525c68691bc2df848de76e115811b44275f4030d57b7fb8,ef46866a095a4fd02bfb29c90553548963a6ded15ce003a61ce3f096c8d0c4a1,62a6df6ed0219abaef3bc3e30d7c3175a4a4c5ab09728af714de21e8230e163f,2026-09-12T19:21:53.958848,VERIFIED
AUD-b6de24759871,RASH_9_201,770f19d8d603914ee485d301e10b878aca7c4b050aaae3252b5c1fe9d0a76e2b,9704fcfbc16abd98a73d9bc5800148cc302abbb1d6c22682f12d45707189a866,1332b9771bc010801525c68691bc2df848de76e115811b44275f4030d57b7fb8,2026-09-12T19:21:53.959465,VERIFIED
AUD-d8c0b604612e,RASH_10_203,a6778ee7a79266304cb62b90ae1d8e06f61dedceb9a6139fc9bd8adc0896f596,f6db01eb8b30babf787963ce4212a6cd3d13946027adb1fd150b1b9062cc532d,770f19d8d603914ee485d301e10b878aca7c4b050aaae3252b5c1fe9d0a76e2b,2026-09-12T19:21:53.960811,VERIFIED
AUD-3f97292e3ecc,RASH_11_217,219a875d4caa2bb8f994715494ebf6bb4237854a1267314e0cb58735bc765b5a,b835cee9f179988d7379150e45777cdaf02bc84af79f29fd79d0a2204368c871,a6778ee7a79266304cb62b90ae1d8e06f61dedceb9a6139fc9bd8adc0896f596,2026-09-12T19:21:53.961924,VERIFIED
AUD-3c3f1e572cb5,ROAD_alligator_crack_0_1,1893cbfa7e72ff29f9ef2f34ab5a0390d4d5df3fa071b40dddbe547fc8e4c286,75ced05dd365aaeb8bf9e36ef524a062b131e57dfcf3f4a126f76c1ebdefc10b,219a875d4caa2bb8f994715494ebf6bb4237854a1267314e0cb58735bc765b5a,2026-09-12T19:21:53.962255,VERIFIED
AUD-b07c02caa768,ROAD_longitudinal_crack_1_1,0925476f6d17ebe97e23246a01d48780e9da00ee8e437393beac3dfe22494b79,ab7ca994e80868410178b06b52c35638b498d822aeb227cae004ed1850098825,1893cbfa7e72ff29f9ef2f34ab5a0390d4d5df3fa071b40dddbe547fc8e4c286,2026-09-12T19:21:53.962818,VERIFIED
AUD-554592350898,ROAD_pothole_0_18,e9a53e2190e3dbae42fb396bea426c50dcf19f99d161d2ffa89aa32266c5d56d,b7d99db037eecf4364a345d1605cec8f5e3c0e919bc084ffa10b509d9e84a9c3,0925476f6d17ebe97e23246a01d48780e9da00ee8e437393beac3dfe22494b79,2026-09-12T19:21:53.963219,VERIFIED
AUD-e7b8245182de,ROAD_pothole_1_19,386d2c784c3f9fef609fc3d7d3ee1e1ca2f264f52ebb5ea0ee2182363d79f30b,6736f35c972c0cf14bfd8985666e9f6a0df1311c28c50cd17341ac3a4e49e92a,e9a53e2190e3dbae42fb396bea426c50dcf19f99d161d2ffa89aa32266c5d56d,2026-09-12T19:21:53.963637,VERIFIED
AUD-35286a5d0578,ROAD_pothole_2_20,70c6c130a2cabb855f41d834f71c190c80f5a248ed023543c53d2b7d9593f183,24f13bc6b1d65ce655ca926e19ffdcc4f1bfa37b722e3a1f6555126a0e70f1ba,386d2c784c3f9fef609fc3d7d3ee1e1ca2f264f52ebb5ea0ee2182363d79f30b,2026-09-12T19:21:53.964150,VERIFIED
AUD-0ff52a5814a4,ROAD_pothole_3_25,70f385d2d2f73f2c78d3bf90fad48e8aefe2f17e90921ff10e9eabcdb30db808,133c76ad93ea174d485bc7f037f151cbac95c542479a4027baeeef3f179efae1,70c6c130a2cabb855f41d834f71c190c80f5a248ed023543c53d2b7d9593f183,2026-09-12T19:21:53.964411,VERIFIED
AUD-c2f1669a678e,ROAD_pothole_4_25,6a84fb9f7e05b59ddaf71a8f0d088349556697710be1ddab6944027211aa3c6e,6a5fb0ed140658303e632f47a8d4da23630761336abdd60f8d47919ab5b46c0b,70f385d2d2f73f2c78d3bf90fad48e8aefe2f17e90921ff10e9eabcdb30db808,2026-09-12T19:21:53.964677,VERIFIED
AUD-334fb6b3b97d,ROAD_pothole_5_33,bf81c2a2b35dd54c759653d4d1ab5abb2b3bb59982812db1990a042423e1ad30,41aabc1a4102cc6e8a401c84c9d3e92465b8ed36cf13744d985651b575547867,6a84fb9f7e05b59ddaf71a8f0d088349556697710be1ddab6944027211aa3c6e,2026-09-12T19:21:53.965201,VERIFIED
AUD-6f71709950c0,ROAD_transverse_crack_1_55,50be7e31af996922e80530f883fbf7e79befcbe54c82539b92868e095aa98dbf,b9fa448b3845477acbb55d1fd2dc40338472a7dbbb47de45690a6d97cef3c42c,bf81c2a2b35dd54c759653d4d1ab5abb2b3bb59982812db1990a042423e1ad30,2026-09-12T19:21:53.965677,VERIFIED
AUD-1679f850468e,ROAD_transverse_crack_0_56,fdbf7bfb93c844323584c08437bdd5432836c2df5849d44dbed906efb51f55f0,cc01aec9df89cbd36c339f0b5a1d5c61d04655f2449afd2b8a3566bc2f47b0fc,50be7e31af996922e80530f883fbf7e79befcbe54c82539b92868e095aa98dbf,2026-09-12T19:21:53.966202,VERIFIED
AUD-51ebc08da4e3,ROAD_pothole_8_60,cfb2f2f70916b493f206ec7d295ce5a1db133492d0ddd4977b829fd3aa15ad63,e72959a15c1088bd095fdaae5e464d44e43b74e525e985f684a323f075f9ce86,fdbf7bfb93c844323584c08437bdd5432836c2df5849d44dbed906efb51f55f0,2026-09-12T19:21:53.966558,VERIFIED
AUD-ff6c1766abb7,ROAD_longitudinal_crack_0_76,575af3ff9bdd1f8c960c40ea0b3b7db62748ac599e4455dd5cff33d8ed14219d,651b6b56f6e1319da3a4711206bc222e291b49402a85e600bfbf8a5d8d0891fe,cfb2f2f70916b493f206ec7d295ce5a1db133492d0ddd4977b829fd3aa15ad63,2026-09-12T19:21:53.966873,VERIFIED
AUD-743bbcdc7f2a,ROAD_pothole_18_210,b1223fc23107450fe6317be94fe8567072fcbee84deb1e10f829e88f4c71b62c,0097110f202130dd8ab895c6274584e0d429072bcb95005a278615b28a5fb7c8,575af3ff9bdd1f8c960c40ea0b3b7db62748ac599e4455dd5cff33d8ed14219d,2026-09-12T19:21:53.967362,VERIFIED
AUD-9cf8417d92da,ROAD_pothole_21_369,23425978d4aa9b6283a413195b5b96d5f47d2b758463d640c7b2a2d638df86d6,374ae47c79af35cc21b7c2cee8ce6fa213c5b75bc1b68576caa03ed47538ae83,b1223fc23107450fe6317be94fe8567072fcbee84deb1e10f829e88f4c71b62c,2026-09-12T19:21:53.967673,VERIFIED
AUD-053dc9d6e476,ROAD_longitudinal_crack_22_417,18fc361118cce3bbfe4f99c72d2f07aa8c4da8285c0b92e8ca75000477cc26e6,b2835f211635618d3b2897d704056e2b05345b0752b440ae93410e30d2cad7bd,23425978d4aa9b6283a413195b5b96d5f47d2b758463d640c7b2a2d638df86d6,2026-09-12T19:21:53.967951,VERIFIED
AUD-838577d85d9e,ROAD_pothole_27_431,88d57c5056dbc2d6a03b9cab18144c1df177b5c721fbe0b50c4cbd9c835259d1,c04fb9e7b540097977e55f1fbabcd36bc80507a51a569ad43e996881acaf7274,18fc361118cce3bbfe4f99c72d2f07aa8c4da8285c0b92e8ca75000477cc26e6,2026-09-12T19:21:53.968395,VERIFIED
AUD-cfd62e061d12,ROAD_pothole_31_438,95e5dd4d678428f0fdc28c4a189306e5ac93f913e852991436d6ced61fd5cea1,da7cda6ee86ca11f8837cf85095929cea7b8b5c37e0286bd698c3235f25a08dc,88d57c5056dbc2d6a03b9cab18144c1df177b5c721fbe0b50c4cbd9c835259d1,2026-09-12T19:21:53.968873,VERIFIED
AUD-20ef513a6386,ROAD_pothole_39_484,f7e1109a0c617c36cda0703b750ffd8701282a5bff8636f50c6b309a7299087a,46354df9a970651a21169e519c2648eaab7c2bbf456792205269d8ddef4ce24d,95e5dd4d678428f0fdc28c4a189306e5ac93f913e852991436d6ced61fd5cea1,2026-09-12T19:21:53.969302,VERIFIED
AUD-461d52650a9f,ROAD_pothole_41_506,507e113c4eab5ce077488e5c0c4a76dc677bc88e7275d49f992bcf07fd854ba5,270fc456675a35e84a135602d873ab326233584d4afb17573530816a239f5fbe,f7e1109a0c617c36cda0703b750ffd8701282a5bff8636f50c6b309a7299087a,2026-09-12T19:21:53.970615,VERIFIED
AUD-c369ccca4ea1,ROAD_pothole_42_517,9b4c17303068fb1b5d1fc836b5f72bc4fe149ad93000d36985b30644cbb6147f,b1b5da00bc08402932d78ecf706845f85a53d216127675f2b504000589db98fa,507e113c4eab5ce077488e5c0c4a76dc677bc88e7275d49f992bcf07fd854ba5,2026-09-12T19:21:53.971078,VERIFIED
AUD-2db2705f305b,WATER_1,da15a43053605718452c5c4747efdf546799821c1899c5b725ee78bc9b564e11,a42036d2b6d4ad0240053757255c3d062625b507df2be58e071e1eb00be0a665,9b4c17303068fb1b5d1fc836b5f72bc4fe149ad93000d36985b30644cbb6147f,2026-09-12T19:21:53.971380,VERIFIED
AUD-24d0250e95d8,WATER_126,ee6660cdf8f5e260b439e252009580de408b370db06abb16414a28cc3f0d426a,167a0d18f979c9d3629cea5b7e3548b04cdaaeb034a27de7bb06a7a099598da2,da15a43053605718452c5c4747efdf546799821c1899c5b725ee78bc9b564e11,2026-09-12T19:21:53.971684,VERIFIED
AUD-9da83da4523d,WATER_252,9e140e12073c197271ec0be44c5978fc20bfdd02abb787553b1fe2a491c5acc0,1e738a4f1040981414170fa31a3623576f4da7f23502bf91bc1dcd4f205ec4e0,ee6660cdf8f5e260b439e252009580de408b370db06abb16414a28cc3f0d426a,2026-09-12T19:21:53.971982,VERIFIED
AUD-f5a80dfac777,RASH_4_4,246b67b8b748781a62376bdad7bc898874702a396a65a9df0d30502ea6a51962,5eb4141e5ab55d3535a85ed7ae75fe45c81a33b96c6b33cfa17bd83128c67c66,9e140e12073c197271ec0be44c5978fc20bfdd02abb787553b1fe2a491c5acc0,2026-09-12T19:21:53.972513,VERIFIED
AUD-96ba1d1e2ac6,RASH_5_14,0128ec983fa130beb004d0fb2d7c9c98e26fcdec7f1d83559cfd5d7f2b814592,22868990000c33f72f2e31b77bec33d8498241080adccbfd5adc944b6bbe3c49,246b67b8b748781a62376bdad7bc898874702a396a65a9df0d30502ea6a51962,2026-09-12T19:21:53.973810,VERIFIED
AUD-2836d372e6c3,RASH_7_126,d24d058a43becf63c0b406136dc4e211e00a359de619879e2c37020d5efff3ed,ff2a65b440d2c6f4f33d269a8fb26502e664e0e11728d29dbd35a84457888f82,0128ec983fa130beb004d0fb2d7c9c98e26fcdec7f1d83559cfd5d7f2b814592,2026-09-12T19:21:53.974134,VERIFIED
AUD-ff23182c272b,RASH_2_127,a8e0217b72b2479bcdf3d1e80ee7858b4e04fde53e424364421302a93691acec,f528cd2ee965e94cbf2b9e911e70972b1daa4cd77caed6d293527f3f6a9298d6,d24d058a43becf63c0b406136dc4e211e00a359de619879e2c37020d5efff3ed,2026-09-12T19:21:53.974679,VERIFIED
AUD-8696f2e6bad6,RASH_1_132,62a6df6ed0219abaef3bc3e30d7c3175a4a4c5ab09728af714de21e8230e163f,9e1695b8a04e06097c362502db047e027316e94aaf1da181893446f18ccce910,a8e0217b72b2479bcdf3d1e80ee7858b4e04fde53e424364421302a93691acec,2026-09-12T19:21:53.975117,VERIFIED
AUD-f21cb8b41b76,RASH_6_188,1332b9771bc010801525c68691bc2df848de76e115811b44275f4030d57b7fb8,ef46866a095a4fd02bfb29c90553548963a6ded15ce003a61ce3f096c8d0c4a1,62a6df6ed0219abaef3bc3e30d7c3175a4a4c5ab09728af714de21e8230e163f,2026-09-12T19:21:53.975740,VERIFIED
AUD-1759609ffbc1,RASH_9_201,770f19d8d603914ee485d301e10b878aca7c4b050aaae3252b5c1fe9d0a76e2b,9704fcfbc16abd98a73d9bc5800148cc302abbb1d6c22682f12d45707189a866,1332b9771bc010801525c68691bc2df848de76e115811b44275f4030d57b7fb8,2026-09-12T19:21:53.976279,VERIFIED
AUD-3c5473bb6342,RASH_10_203,a6778ee7a79266304cb62b90ae1d8e06f61dedceb9a6139fc9bd8adc0896f596,f6db01eb8b30babf787963ce4212a6cd3d13946027adb1fd150b1b9062cc532d,770f19d8d603914ee485d301e10b878aca7c4b050aaae3252b5c1fe9d0a76e2b,2026-09-12T19:21:53.976609,VERIFIED
AUD-8dd9b58b2c06,RASH_11_217,219a875d4caa2bb8f994715494ebf6bb4237854a1267314e0cb58735bc765b5a,b835cee9f179988d7379150e45777cdaf02bc84af79f29fd79d0a2204368c871,a6778ee7a79266304cb62b90ae1d8e06f61dedceb9a6139fc9bd8adc0896f596,2026-09-12T19:21:53.976950,VERIFIED
AUD-ea24f80dd3f2,ROAD_alligator_crack_0_1,1893cbfa7e72ff29f9ef2f34ab5a0390d4d5df3fa071b40dddbe547fc8e4c286,75ced05dd365aaeb8bf9e36ef524a062b131e57dfcf3f4a126f76c1ebdefc10b,219a875d4caa2bb8f994715494ebf6bb4237854a1267314e0cb58735bc765b5a,2026-09-12T19:21:53.977306,VERIFIED
AUD-2b12960c1e03,ROAD_longitudinal_crack_1_1,0925476f6d17ebe97e23246a01d48780e9da00ee8e437393beac3dfe22494b79,ab7ca994e80868410178b06b52c35638b498d822aeb227cae004ed1850098825,1893cbfa7e72ff29f9ef2f34ab5a0390d4d5df3fa071b40dddbe547fc8e4c286,2026-09-12T19:21:53.977648,VERIFIED
AUD-74e242a2358b,ROAD_pothole_0_18,e9a53e2190e3dbae42fb396bea426c50dcf19f99d161d2ffa89aa32266c5d56d,b7d99db037eecf4364a345d1605cec8f5e3c0e919bc084ffa10b509d9e84a9c3,0925476f6d17ebe97e23246a01d48780e9da00ee8e437393beac3dfe22494b79,2026-09-12T19:21:53.978245,VERIFIED
AUD-3d897a72f87d,ROAD_pothole_1_19,386d2c784c3f9fef609fc3d7d3ee1e1ca2f264f52ebb5ea0ee2182363d79f30b,6736f35c972c0cf14bfd8985666e9f6a0df1311c28c50cd17341ac3a4e49e92a,e9a53e2190e3dbae42fb396bea426c50dcf19f99d161d2ffa89aa32266c5d56d,2026-09-12T19:21:53.978773,VERIFIED
AUD-0ed8c01c2913,ROAD_pothole_2_20,70c6c130a2cabb855f41d834f71c190c80f5a248ed023543c53d2b7d9593f183,24f13bc6b1d65ce655ca926e19ffdcc4f1bfa37b722e3a1f6555126a0e70f1ba,386d2c784c3f9fef609fc3d7d3ee1e1ca2f264f52ebb5ea0ee2182363d79f30b,2026-09-12T19:21:53.979460,VERIFIED
AUD-5cb204bfe890,ROAD_pothole_3_25,70f385d2d2f73f2c78d3bf90fad48e8aefe2f17e90921ff10e9eabcdb30db808,133c76ad93ea174d485bc7f037f151cbac95c542479a4027baeeef3f179efae1,70c6c130a2cabb855f41d834f71c190c80f5a248ed023543c53d2b7d9593f183,2026-09-12T19:21:53.980324,VERIFIED
AUD-b5323a49bd20,ROAD_pothole_4_25,6a84fb9f7e05b59ddaf71a8f0d088349556697710be1ddab6944027211aa3c6e,6a5fb0ed140658303e632f47a8d4da23630761336abdd60f8d47919ab5b46c0b,70f385d2d2f73f2c78d3bf90fad48e8aefe2f17e90921ff10e9eabcdb30db808,2026-09-12T19:21:53.980883,VERIFIED
AUD-93644bc3c8c9,ROAD_pothole_5_33,bf81c2a2b35dd54c759653d4d1ab5abb2b3bb59982812db1990a042423e1ad30,41aabc1a4102cc6e8a401c84c9d3e92465b8ed36cf13744d985651b575547867,6a84fb9f7e05b59ddaf71a8f0d088349556697710be1ddab6944027211aa3c6e,2026-09-12T19:21:53.981476,VERIFIED
AUD-ba2364cc452d,ROAD_transverse_crack_1_55,50be7e31af996922e80530f883fbf7e79befcbe54c82539b92868e095aa98dbf,b9fa448b3845477acbb55d1fd2dc40338472a7dbbb47de45690a6d97cef3c42c,bf81c2a2b35dd54c759653d4d1ab5abb2b3bb59982812db1990a042423e1ad30,2026-09-12T19:21:53.982117,VERIFIED
AUD-9d18f5d41305,ROAD_transverse_crack_0_56,fdbf7bfb93c844323584c08437bdd5432836c2df5849d44dbed906efb51f55f0,cc01aec9df89cbd36c339f0b5a1d5c61d04655f2449afd2b8a3566bc2f47b0fc,50be7e31af996922e80530f883fbf7e79befcbe54c82539b92868e095aa98dbf,2026-09-12T19:21:53.982746,VERIFIED
AUD-4034e9585335,ROAD_pothole_8_60,cfb2f2f70916b493f206ec7d295ce5a1db133492d0ddd4977b829fd3aa15ad63,e72959a15c1088bd095fdaae5e464d44e43b74e525e985f684a323f075f9ce86,fdbf7bfb93c844323584c08437bdd5432836c2df5849d44dbed906efb51f55f0,2026-09-12T19:21:53.983521,VERIFIED
AUD-50505968211d,ROAD_longitudinal_crack_0_76,575af3ff9bdd1f8c960c40ea0b3b7db62748ac599e4455dd5cff33d8ed14219d,651b6b56f6e1319da3a4711206bc222e291b49402a85e600bfbf8a5d8d0891fe,cfb2f2f70916b493f206ec7d295ce5a1db133492d0ddd4977b829fd3aa15ad63,2026-09-12T19:21:53.983896,VERIFIED
AUD-ea0b77e6e8d7,ROAD_pothole_18_210,b1223fc23107450fe6317be94fe8567072fcbee84deb1e10f829e88f4c71b62c,0097110f202130dd8ab895c6274584e0d429072bcb95005a278615b28a5fb7c8,575af3ff9bdd1f8c960c40ea0b3b7db62748ac599e4455dd5cff33d8ed14219d,2026-09-12T19:21:53.984479,VERIFIED
AUD-119ee25db5c5,ROAD_pothole_21_369,23425978d4aa9b6283a413195b5b96d5f47d2b758463d640c7b2a2d638df86d6,374ae47c79af35cc21b7c2cee8ce6fa213c5b75bc1b68576caa03ed47538ae83,b1223fc23107450fe6317be94fe8567072fcbee84deb1e10f829e88f4c71b62c,2026-09-12T19:21:53.985069,VERIFIED
AUD-2e5e77b0bb7d,ROAD_longitudinal_crack_22_417,18fc361118cce3bbfe4f99c72d2f07aa8c4da8285c0b92e8ca75000477cc26e6,b2835f211635618d3b2897d704056e2b05345b0752b440ae93410e30d2cad7bd,23425978d4aa9b6283a413195b5b96d5f47d2b758463d640c7b2a2d638df86d6,2026-09-12T19:21:53.985486,VERIFIED
AUD-284d85fb3166,ROAD_pothole_27_431,88d57c5056dbc2d6a03b9cab18144c1df177b5c721fbe0b50c4cbd9c835259d1,c04fb9e7b540097977e55f1fbabcd36bc80507a51a569ad43e996881acaf7274,18fc361118cce3bbfe4f99c72d2f07aa8c4da8285c0b92e8ca75000477cc26e6,2026-09-12T19:21:53.986001,VERIFIED
AUD-e3653277bf94,ROAD_pothole_31_438,95e5dd4d678428f0fdc28c4a189306e5ac93f913e852991436d6ced61fd5cea1,da7cda6ee86ca11f8837cf85095929cea7b8b5c37e0286bd698c3235f25a08dc,88d57c5056dbc2d6a03b9cab18144c1df177b5c721fbe0b50c4cbd9c835259d1,2026-09-12T19:21:53.986604,VERIFIED
AUD-0e668103fab3,ROAD_pothole_39_484,f7e1109a0c617c36cda0703b750ffd8701282a5bff8636f50c6b309a7299087a,46354df9a970651a21169e519c2648eaab7c2bbf456792205269d8ddef4ce24d,95e5dd4d678428f0fdc28c4a189306e5ac93f913e852991436d6ced61fd5cea1,2026-09-12T19:21:53.987028,VERIFIED
AUD-3155ec05f95d,ROAD_pothole_41_506,507e113c4eab5ce077488e5c0c4a76dc677bc88e7275d49f992bcf07fd854ba5,270fc456675a35e84a135602d873ab326233584d4afb17573530816a239f5fbe,f7e1109a0c617c36cda0703b750ffd8701282a5bff8636f50c6b309a7299087a,2026-09-12T19:21:53.987720,VERIFIED
AUD-b3d83223832b,ROAD_pothole_42_517,9b4c17303068fb1b5d1fc836b5f72bc4fe149ad93000d36985b30644cbb6147f,b1b5da00bc08402932d78ecf706845f85a53d216127675f2b504000589db98fa,507e113c4eab5ce077488e5c0c4a76dc677bc88e7275d49f992bcf07fd854ba5,2026-09-12T19:21:53.988321,VERIFIED
AUD-c5b9eeb2d317,ROAD_alligator_crack_0_1,1893cbfa7e72ff29f9ef2f34ab5a0390d4d5df3fa071b40dddbe547fc8e4c286,75ced05dd365aaeb8bf9e36ef524a062b131e57dfcf3f4a126f76c1ebdefc10b,9b4c17303068fb1b5d1fc836b5f72bc4fe149ad93000d36985b30644cbb6147f,2026-09-12T19:21:53.988879,VERIFIED
AUD-983e4077c9a2,ROAD_longitudinal_crack_1_1,0925476f6d17ebe97e23246a01d48780e9da00ee8e437393beac3dfe22494b79,ab7ca994e80868410178b06b52c35638b498d822aeb227cae004ed1850098825,1893cbfa7e72ff29f9ef2f34ab5a0390d4d5df3fa071b40dddbe547fc8e4c286,2026-09-12T19:21:53.989272,VERIFIED
AUD-a937ad96444f,ROAD_pothole_0_18,e9a53e2190e3dbae42fb396bea426c50dcf19f99d161d2ffa89aa32266c5d56d,b7d99db037eecf4364a345d1605cec8f5e3c0e919bc084ffa10b509d9e84a9c3,0925476f6d17ebe97e23246a01d48780e9da00ee8e437393beac3dfe22494b79,2026-09-12T19:21:53.989700,VERIFIED
AUD-3c6745d50d44,ROAD_pothole_1_19,386d2c784c3f9fef609fc3d7d3ee1e1ca2f264f52ebb5ea0ee2182363d79f30b,6736f35c972c0cf14bfd8985666e9f6a0df1311c28c50cd17341ac3a4e49e92a,e9a53e2190e3dbae42fb396bea426c50dcf19f99d161d2ffa89aa32266c5d56d,2026-09-12T19:21:53.990923,VERIFIED
AUD-858dc61a30df,ROAD_pothole_2_20,70c6c130a2cabb855f41d834f71c190c80f5a248ed023543c53d2b7d9593f183,24f13bc6b1d65ce655ca926e19ffdcc4f1bfa37b722e3a1f6555126a0e70f1ba,386d2c784c3f9fef609fc3d7d3ee1e1ca2f264f52ebb5ea0ee2182363d79f30b,2026-09-12T19:21:53.991378,VERIFIED
AUD-8fea445d945e,ROAD_pothole_3_25,70f385d2d2f73f2c78d3bf90fad48e8aefe2f17e90921ff10e9eabcdb30db808,133c76ad93ea174d485bc7f037f151cbac95c542479a4027baeeef3f179efae1,70c6c130a2cabb855f41d834f71c190c80f5a248ed023543c53d2b7d9593f183,2026-09-12T19:21:53.991840,VERIFIED
AUD-00b7ff2189d0,ROAD_pothole_4_25,6a84fb9f7e05b59ddaf71a8f0d088349556697710be1ddab6944027211aa3c6e,6a5fb0ed140658303e632f47a8d4da23630761336abdd60f8d47919ab5b46c0b,70f385d2d2f73f2c78d3bf90fad48e8aefe2f17e90921ff10e9eabcdb30db808,2026-09-12T19:21:53.992273,VERIFIED
AUD-eb82a810c4a3,ROAD_pothole_5_33,bf81c2a2b35dd54c759653d4d1ab5abb2b3bb59982812db1990a042423e1ad30,41aabc1a4102cc6e8a401c84c9d3e92465b8ed36cf13744d985651b575547867,6a84fb9f7e05b59ddaf71a8f0d088349556697710be1ddab6944027211aa3c6e,2026-09-12T19:21:53.992733,VERIFIED
AUD-c60871cd91de,ROAD_transverse_crack_1_55,50be7e31af996922e80530f883fbf7e79befcbe54c82539b92868e095aa98dbf,b9fa448b3845477acbb55d1fd2dc40338472a7dbbb47de45690a6d97cef3c42c,bf81c2a2b35dd54c759653d4d1ab5abb2b3bb59982812db1990a042423e1ad30,2026-09-12T19:21:53.993656,VERIFIED
AUD-70956b30034b,ROAD_transverse_crack_0_56,fdbf7bfb93c844323584c08437bdd5432836c2df5849d44dbed906efb51f55f0,cc01aec9df89cbd36c339f0b5a1d5c61d04655f2449afd2b8a3566bc2f47b0fc,50be7e31af996922e80530f883fbf7e79befcbe54c82539b92868e095aa98dbf,2026-09-12T19:21:53.994359,VERIFIED
AUD-a51cb90cb3c2,ROAD_pothole_8_60,cfb2f2f70916b493f206ec7d295ce5a1db133492d0ddd4977b829fd3aa15ad63,e72959a15c1088bd095fdaae5e464d44e43b74e525e985f684a323f075f9ce86,fdbf7bfb93c844323584c08437bdd5432836c2df5849d44dbed906efb51f55f0,2026-09-12T19:21:53.994861,VERIFIED
AUD-c8d7e0fd6b1b,ROAD_longitudinal_crack_0_76,575af3ff9bdd1f8c960c40ea0b3b7db62748ac599e4455dd5cff33d8ed14219d,651b6b56f6e1319da3a4711206bc222e291b49402a85e600bfbf8a5d8d0891fe,cfb2f2f70916b493f206ec7d295ce5a1db133492d0ddd4977b829fd3aa15ad63,2026-09-12T19:21:53.995451,VERIFIED
AUD-327f06a04a07,ROAD_pothole_18_210,b1223fc23107450fe6317be94fe8567072fcbee84deb1e10f829e88f4c71b62c,0097110f202130dd8ab895c6274584e0d429072bcb95005a278615b28a5fb7c8,575af3ff9bdd1f8c960c40ea0b3b7db62748ac599e4455dd5cff33d8ed14219d,2026-09-12T19:21:53.995890,VERIFIED
AUD-e0827aba4985,ROAD_pothole_21_369,23425978d4aa9b6283a413195b5b96d5f47d2b758463d640c7b2a2d638df86d6,374ae47c79af35cc21b7c2cee8ce6fa213c5b75bc1b68576caa03ed47538ae83,b1223fc23107450fe6317be94fe8567072fcbee84deb1e10f829e88f4c71b62c,2026-09-12T19:21:53.996566,VERIFIED
AUD-5a5192b6893b,ROAD_longitudinal_crack_22_417,18fc361118cce3bbfe4f99c72d2f07aa8c4da8285c0b92e8ca75000477cc26e6,b2835f211635618d3b2897d704056e2b05345b0752b440ae93410e30d2cad7bd,23425978d4aa9b6283a413195b5b96d5f47d2b758463d640c7b2a2d638df86d6,2026-09-12T19:21:53.997317,VERIFIED
AUD-add0c0051abf,ROAD_pothole_27_431,88d57c5056dbc2d6a03b9cab18144c1df177b5c721fbe0b50c4cbd9c835259d1,c04fb9e7b540097977e55f1fbabcd36bc80507a51a569ad43e996881acaf7274,18fc361118cce3bbfe4f99c72d2f07aa8c4da8285c0b92e8ca75000477cc26e6,2026-09-12T19:21:53.998009,VERIFIED
AUD-f4d163fef615,ROAD_pothole_31_438,95e5dd4d678428f0fdc28c4a189306e5ac93f913e852991436d6ced61fd5cea1,da7cda6ee86ca11f8837cf85095929cea7b8b5c37e0286bd698c3235f25a08dc,88d57c5056dbc2d6a03b9cab18144c1df177b5c721fbe0b50c4cbd9c835259d1,2026-09-12T19:21:53.998484,VERIFIED
AUD-c32d8b0e4f08,ROAD_pothole_39_484,f7e1109a0c617c36cda0703b750ffd8701282a5bff8636f50c6b309a7299087a,46354df9a970651a21169e519c2648eaab7c2bbf456792205269d8ddef4ce24d,95e5dd4d678428f0fdc28c4a189306e5ac93f913e852991436d6ced61fd5cea1,2026-09-12T19:21:53.999154,VERIFIED
AUD-c8598084ae70,ROAD_pothole_41_506,507e113c4eab5ce077488e5c0c4a76dc677bc88e7275d49f992bcf07fd854ba5,270fc456675a35e84a135602d873ab326233584d4afb17573530816a239f5fbe,f7e1109a0c617c36cda0703b750ffd8701282a5bff8636f50c6b309a7299087a,2026-09-12T19:21:53.999648,VERIFIED
AUD-d84638792af3,ROAD_pothole_42_517,9b4c17303068fb1b5d1fc836b5f72bc4fe149ad93000d36985b30644cbb6147f,b1b5da00bc08402932d78ecf706845f85a53d216127675f2b504000589db98fa,507e113c4eab5ce077488e5c0c4a76dc677bc88e7275d49f992bcf07fd854ba5,2026-09-12T19:21:54.000114,VERIFIED
AUD-a3e3cced3234,WATER_1,da15a43053605718452c5c4747efdf546799821c1899c5b725ee78bc9b564e11,a42036d2b6d4ad0240053757255c3d062625b507df2be58e071e1eb00be0a665,9b4c17303068fb1b5d1fc836b5f72bc4fe149ad93000d36985b30644cbb6147f,2026-09-12T19:21:54.000687,VERIFIED
AUD-60a107178f6d,WATER_126,ee6660cdf8f5e260b439e252009580de408b370db06abb16414a28cc3f0d426a,167a0d18f979c9d3629cea5b7e3548b04cdaaeb034a27de7bb06a7a099598da2,da15a43053605718452c5c4747efdf546799821c1899c5b725ee78bc9b564e11,2026-09-12T19:21:54.001160,VERIFIED
AUD-93ad80f13680,WATER_252,9e140e12073c197271ec0be44c5978fc20bfdd02abb787553b1fe2a491c5acc0,1e738a4f1040981414170fa31a3623576f4da7f23502bf91bc1dcd4f205ec4e0,ee6660cdf8f5e260b439e252009580de408b370db06abb16414a28cc3f0d426a,2026-09-12T19:21:54.001634,VERIFIED
AUD-4104c27dcb0f,TEST001,012c36171d25e6cc3eeb20b6ee4afe6eb7c952e1e5535f89f55979b23ebd312a,2f1045f21fdb2ae1766eba82215d413d891df823838e6aef3993d217c0870fa1,9e140e12073c197271ec0be44c5978fc20bfdd02abb787553b1fe2a491c5acc0,2026-09-12T19:21:54.002101,VERIFIED
AUD-59acb3fc4717,PEDESTRIAN_7_11_180,ab6b715362cf50ce73f56f9da48e1d37211605c0e5f1eb7b38c86c26c692d14e,ae531abd7c5fcdb280e5479e179188ce6451f1f91206fc3cff4939e5c14b506f,012c36171d25e6cc3eeb20b6ee4afe6eb7c952e1e5535f89f55979b23ebd312a,2026-09-12T19:21:54.002587,VERIFIED
AUD-64ced99b78a8,PEDESTRIAN_7_12_200,1a5fead9a492fec8a218263f496de57723c564c809bcdf6de708845f2b092e29,e905c189bc86e8a289ad30a328e9158491c21dbe014ea1bd684ef4c11e944901,ab6b715362cf50ce73f56f9da48e1d37211605c0e5f1eb7b38c86c26c692d14e,2026-09-12T19:21:54.003134,VERIFIED
AUD-097f9d656bf8,PEDESTRIAN_14_12_274,a2d10c2dbc91c123c79bc143cbb7d2ea55d143133d2a13492e406b9e3abd11d5,8271431e4b167f4e2cc3ebe1156f72d84606c93b423bc3d6c5cd9664df9a1caf,1a5fead9a492fec8a218263f496de57723c564c809bcdf6de708845f2b092e29,2026-09-12T19:21:54.003652,VERIFIED
AUD-770b8a6e7dfb,PEDESTRIAN_14_15_332,f7a203d049c46c114efd17f576117f50cc046fef808ce0f961d46c7466aaafc8,b5ec0f4fdd4c1dbe0c9426c14a2806b5cab5fdac1014156a2b758c4a1f9c188e,a2d10c2dbc91c123c79bc143cbb7d2ea55d143133d2a13492e406b9e3abd11d5,2026-09-12T19:21:54.004165,VERIFIED
AUD-7cf55c345132,PEDESTRIAN_24_26_508,738dae98a4bda9cca6f5541b524cde2f3c3dce420d7310ccb66c20a12e0d2c05,6ad915fe3c9457527de34ddf1c97ef603f6a3640bfbd5c2d8d106f92aa448730,f7a203d049c46c114efd17f576117f50cc046fef808ce0f961d46c7466aaafc8,2026-09-12T19:21:54.004654,VERIFIED
